tag,wochentag,temperatur,sonnenstunden,regen,aktion,verkauf
1,Mo,19.5,3.0,1,1,58
2,Di,20.3,2.6,1,1,61
3,Mi,14.4,0.6,1,0,5
4,Do,17.5,5.5,0,0,60
5,Fr,20.9,9.3,0,1,124
6,Sa,18.8,2.7,1,0,65
7,So,16.6,4.9,0,0,78
8,Mo,24.0,4.1,0,1,119
9,Di,26.6,7.6,0,0,128
10,Mi,22.1,5.0,0,0,94
11,Do,17.9,5.3,0,0,70
12,Fr,,7.0,0,0,123
13,Sa,21.4,7.9,0,1,145
14,So,13.8,4.4,0,0,62
15,Mo,30.5,8.3,0,0,157
16,Di,24.6,7.0,0,0,122
17,Mi,22.5,7.7,0,1,128
18,Do,25.9,11.3,0,0,124
19,Fr,20.7,7.0,0,1,108
20,Sa,16.4,1.6,1,0,29
21,So,18.0,n/a,0,0,79
22,Mo,22.0,6.7,0,0,100
23,Di,30.3,8.0,0,0,150
24,Mi,30.7,12.9,0,1,183
25,Do,17.6,2.8,1,0,13
26,Fr,13.1,2.4,1,0,5
27,Sa,26.8,8.3,0,0,163
28,So,14.1,6.2,0,0,75
29,Mo,29.0,8.3,0,0,135
30,Di,25.7,4.7,0,1,132
31,Mi,16.2,3.0,1,1,26
32,Do,15.0,2.7,1,0,5
33,Fr,16.0,2.3,1,0,5
34,Sa,,12.9,0,0,190
35,So,14.7,0.8,1,0,32
36,Mo,16.2,0.8,0,0,32
37,Di,23.9,3.8,1,0,74
38,Mi,26.9,6.5,0,0,118
39,Do,28.4,9.0,0,0,138
40,Fr,17.5,6.8,0,0,70
41,Sa,29.1,11.3,0,0,175
42,So,23.4,5.9,0,1,144
43,Mo,18.6,3.4,1,0,26
44,Di,31.7,13.5,0,0,171
45,Mi,17.4,2.7,1,1,450
46,Do,31.0,12.2,0,0,170
47,Fr,29.0,6.1,0,0,150
48,Sa,28.6,10.6,0,0,169
49,So,28.8,7.8,0,0,184
50,Mo,20.9,5.3,0,0,87
51,Di,16.4,1.6,1,0,15
52,Mi,15.9,6.3,0,0,53
53,Do,20.0,5.9,0,1,90
54,Fr,32.4,11.4,0,0,185
55,Sa,21.7,8.8,0,0,118
56,So,18.0,3.4,1,0,47
57,Mo,21.4,3.5,0,0,81
58,Di,24.7,10.2,0,0,128
59,Mi,23.0,7.0,0,0,88
60,Do,21.8,4.1,0,1,118
